["https://www.knifekits.com/vcom/product_info.php?products_id=4996",
"https://www.knifekits.com/vcom/product_info.php?products_id=16665",
"https://www.knifekits.com/vcom/product_info.php?products_id=7090",
"https://www.knifekits.com/vcom/product_info.php?products_id=15590",
"https://www.knifekits.com/vcom/product_info.php?products_id=309",
"https://www.knifekits.com/vcom/product_info.php?products_id=15774",
"https://www.knifekits.com/vcom/product_info.php?products_id=16650",
"https://www.knifekits.com/vcom/product_info.php?products_id=16649",
"https://www.knifekits.com/vcom/product_info.php?products_id=16647",
"https://www.knifekits.com/vcom/product_info.php?products_id=16664",
"https://www.knifekits.com/vcom/product_info.php?products_id=16646",
"https://www.knifekits.com/vcom/product_info.php?products_id=16645",
"https://www.knifekits.com/vcom/product_info.php?products_id=16347",
"https://www.knifekits.com/vcom/product_info.php?products_id=1100",
"https://www.knifekits.com/vcom/product_info.php?products_id=16186",
"https://www.knifekits.com/vcom/product_info.php?products_id=13647",
"https://www.knifekits.com/vcom/product_info.php?products_id=16653",
"https://www.knifekits.com/vcom/product_info.php?products_id=16662",
"https://www.knifekits.com/vcom/product_info.php?products_id=16661",
"https://www.knifekits.com/vcom/product_info.php?products_id=16663",
"https://www.knifekits.com/vcom/product_info.php?products_id=15173",
"https://www.knifekits.com/vcom/product_info.php?products_id=16658",
"https://www.knifekits.com/vcom/product_info.php?products_id=16659",
"https://www.knifekits.com/vcom/product_info.php?products_id=16660",
"https://www.knifekits.com/vcom/product_info.php?products_id=16620",
"https://www.knifekits.com/vcom/product_info.php?products_id=16625",
"https://www.knifekits.com/vcom/product_info.php?products_id=16621",
"https://www.knifekits.com/vcom/product_info.php?products_id=16624",
"https://www.knifekits.com/vcom/product_info.php?products_id=16619",
"https://www.knifekits.com/vcom/product_info.php?products_id=16626",
"https://www.knifekits.com/vcom/product_info.php?products_id=16622",
"https://www.knifekits.com/vcom/product_info.php?products_id=16623",
"https://www.knifekits.com/vcom/product_info.php?products_id=16627",
"https://www.knifekits.com/vcom/product_info.php?products_id=16584",
"https://www.knifekits.com/vcom/product_info.php?products_id=16618",
"https://www.knifekits.com/vcom/product_info.php?products_id=16595",
"https://www.knifekits.com/vcom/product_info.php?products_id=6940",
"https://www.knifekits.com/vcom/product_info.php?products_id=16106",
"https://www.knifekits.com/vcom/product_info.php?products_id=11907",
"https://www.knifekits.com/vcom/product_info.php?products_id=15347",
"https://www.knifekits.com/vcom/product_info.php?products_id=9797",
"https://www.knifekits.com/vcom/product_info.php?products_id=671",
"https://www.knifekits.com/vcom/product_info.php?products_id=16652",
"https://www.knifekits.com/vcom/product_info.php?products_id=11886",
"https://www.knifekits.com/vcom/product_info.php?products_id=6684",
"https://www.knifekits.com/vcom/product_info.php?products_id=16591",
"https://www.knifekits.com/vcom/product_info.php?products_id=14126",
"https://www.knifekits.com/vcom/product_info.php?products_id=15982",
"https://www.knifekits.com/vcom/product_info.php?products_id=14691",
"https://www.knifekits.com/vcom/product_info.php?products_id=16656",
"https://www.knifekits.com/vcom/product_info.php?products_id=16654",
"https://www.knifekits.com/vcom/product_info.php?products_id=16651",
"https://www.knifekits.com/vcom/product_info.php?products_id=16604",
"https://www.knifekits.com/vcom/product_info.php?products_id=16657",
"https://www.knifekits.com/vcom/product_info.php?products_id=16655",
"https://www.knifekits.com/vcom/product_info.php?products_id=16636",
"https://www.knifekits.com/vcom/product_info.php?products_id=16608",
"https://www.knifekits.com/vcom/product_info.php?products_id=16610",
"https://www.knifekits.com/vcom/product_info.php?products_id=16609",
"https://www.knifekits.com/vcom/product_info.php?products_id=16605",
"https://www.knifekits.com/vcom/product_info.php?products_id=16617",
"https://www.knifekits.com/vcom/product_info.php?products_id=16611",
"https://www.knifekits.com/vcom/product_info.php?products_id=9319",
"https://www.knifekits.com/vcom/product_info.php?products_id=16586",
"https://www.knifekits.com/vcom/product_info.php?products_id=16585",
"https://www.knifekits.com/vcom/product_info.php?products_id=12579",
"https://www.knifekits.com/vcom/product_info.php?products_id=10097",
"https://www.knifekits.com/vcom/product_info.php?products_id=10094",
"https://www.knifekits.com/vcom/product_info.php?products_id=16607",
"https://www.knifekits.com/vcom/product_info.php?products_id=16612",
"https://www.knifekits.com/vcom/product_info.php?products_id=13536",
"https://www.knifekits.com/vcom/product_info.php?products_id=5037",
"https://www.knifekits.com/vcom/product_info.php?products_id=16616",
"https://www.knifekits.com/vcom/product_info.php?products_id=16421",
"https://www.knifekits.com/vcom/product_info.php?products_id=16326",
"https://www.knifekits.com/vcom/product_info.php?products_id=16214",
"https://www.knifekits.com/vcom/product_info.php?products_id=16230",
"https://www.knifekits.com/vcom/product_info.php?products_id=15787",
"https://www.knifekits.com/vcom/product_info.php?products_id=15902",
"https://www.knifekits.com/vcom/product_info.php?products_id=15943",
"https://www.knifekits.com/vcom/product_info.php?products_id=16641",
"https://www.knifekits.com/vcom/product_info.php?products_id=16638",
"https://www.knifekits.com/vcom/product_info.php?products_id=16637",
"https://www.knifekits.com/vcom/product_info.php?products_id=16613",
"https://www.knifekits.com/vcom/product_info.php?products_id=16615",
"https://www.knifekits.com/vcom/product_info.php?products_id=16606",
"https://www.knifekits.com/vcom/product_info.php?products_id=16344",
"https://www.knifekits.com/vcom/product_info.php?products_id=16352",
"https://www.knifekits.com/vcom/product_info.php?products_id=16602",
"https://www.knifekits.com/vcom/product_info.php?products_id=5471",
"https://www.knifekits.com/vcom/product_info.php?products_id=5483",
"https://www.knifekits.com/vcom/product_info.php?products_id=5485",
"https://www.knifekits.com/vcom/product_info.php?products_id=5492",
"https://www.knifekits.com/vcom/product_info.php?products_id=16502",
"https://www.knifekits.com/vcom/product_info.php?products_id=3720",
"https://www.knifekits.com/vcom/product_info.php?products_id=5765",
"https://www.knifekits.com/vcom/product_info.php?products_id=16439",
"https://www.knifekits.com/vcom/product_info.php?products_id=16423",
"https://www.knifekits.com/vcom/product_info.php?products_id=16328",
"https://www.knifekits.com/vcom/product_info.php?products_id=16407",
"https://www.knifekits.com/vcom/product_info.php?products_id=16312",
"https://www.knifekits.com/vcom/product_info.php?products_id=16391",
"https://www.knifekits.com/vcom/product_info.php?products_id=16375",
"https://www.knifekits.com/vcom/product_info.php?products_id=16296",
"https://www.knifekits.com/vcom/product_info.php?products_id=16359",
"https://www.knifekits.com/vcom/product_info.php?products_id=16281",
"https://www.knifekits.com/vcom/product_info.php?products_id=16264",
"https://www.knifekits.com/vcom/product_info.php?products_id=16248",
"https://www.knifekits.com/vcom/product_info.php?products_id=16232",
"https://www.knifekits.com/vcom/product_info.php?products_id=16216",
"https://www.knifekits.com/vcom/product_info.php?products_id=16200",
"https://www.knifekits.com/vcom/product_info.php?products_id=16294",
"https://www.knifekits.com/vcom/product_info.php?products_id=16453",
"https://www.knifekits.com/vcom/product_info.php?products_id=16437",
"https://www.knifekits.com/vcom/product_info.php?products_id=16342",
"https://www.knifekits.com/vcom/product_info.php?products_id=16405",
"https://www.knifekits.com/vcom/product_info.php?products_id=16389",
"https://www.knifekits.com/vcom/product_info.php?products_id=16373",
"https://www.knifekits.com/vcom/product_info.php?products_id=16311",
"https://www.knifekits.com/vcom/product_info.php?products_id=16278",
"https://www.knifekits.com/vcom/product_info.php?products_id=16262",
"https://www.knifekits.com/vcom/product_info.php?products_id=16246",
"https://www.knifekits.com/vcom/product_info.php?products_id=16441",
"https://www.knifekits.com/vcom/product_info.php?products_id=16425",
"https://www.knifekits.com/vcom/product_info.php?products_id=16330",
"https://www.knifekits.com/vcom/product_info.php?products_id=16409",
"https://www.knifekits.com/vcom/product_info.php?products_id=16314",
"https://www.knifekits.com/vcom/product_info.php?products_id=16393",
"https://www.knifekits.com/vcom/product_info.php?products_id=16377",
"https://www.knifekits.com/vcom/product_info.php?products_id=16298",
"https://www.knifekits.com/vcom/product_info.php?products_id=16361",
"https://www.knifekits.com/vcom/product_info.php?products_id=16283",
"https://www.knifekits.com/vcom/product_info.php?products_id=16266",
"https://www.knifekits.com/vcom/product_info.php?products_id=16250",
"https://www.knifekits.com/vcom/product_info.php?products_id=16234",
"https://www.knifekits.com/vcom/product_info.php?products_id=16218",
"https://www.knifekits.com/vcom/product_info.php?products_id=15589",
"https://www.knifekits.com/vcom/product_info.php?products_id=16505",
"https://www.knifekits.com/vcom/product_info.php?products_id=15955",
"https://www.knifekits.com/vcom/product_info.php?products_id=15884",
"https://www.knifekits.com/vcom/product_info.php?products_id=15906",
"https://www.knifekits.com/vcom/product_info.php?products_id=16263",
"https://www.knifekits.com/vcom/product_info.php?products_id=16274",
"https://www.knifekits.com/vcom/product_info.php?products_id=12580",
"https://www.knifekits.com/vcom/product_info.php?products_id=12581",
"https://www.knifekits.com/vcom/product_info.php?products_id=16277",
"https://www.knifekits.com/vcom/product_info.php?products_id=12893",
"https://www.knifekits.com/vcom/product_info.php?products_id=15900",
"https://www.knifekits.com/vcom/product_info.php?products_id=15948",
"https://www.knifekits.com/vcom/product_info.php?products_id=16270",
"https://www.knifekits.com/vcom/product_info.php?products_id=16271",
"https://www.knifekits.com/vcom/product_info.php?products_id=16276",
"https://www.knifekits.com/vcom/product_info.php?products_id=16269",
"https://www.knifekits.com/vcom/product_info.php?products_id=16268",
"https://www.knifekits.com/vcom/product_info.php?products_id=16267",
"https://www.knifekits.com/vcom/product_info.php?products_id=16265",
"https://www.knifekits.com/vcom/product_info.php?products_id=16272",
"https://www.knifekits.com/vcom/product_info.php?products_id=16275",
"https://www.knifekits.com/vcom/product_info.php?products_id=16273",
"https://www.knifekits.com/vcom/product_info.php?products_id=16092",
"https://www.knifekits.com/vcom/product_info.php?products_id=16643",
"https://www.knifekits.com/vcom/product_info.php?products_id=16644",
"https://www.knifekits.com/vcom/product_info.php?products_id=14472",
"https://www.knifekits.com/vcom/product_info.php?products_id=14473",
"https://www.knifekits.com/vcom/product_info.php?products_id=16594",
"https://www.knifekits.com/vcom/product_info.php?products_id=9071",
"https://www.knifekits.com/vcom/product_info.php?products_id=12216",
"https://www.knifekits.com/vcom/product_info.php?products_id=535",
"https://www.knifekits.com/vcom/product_info.php?products_id=534",
"https://www.knifekits.com/vcom/product_info.php?products_id=537",
"https://www.knifekits.com/vcom/product_info.php?products_id=5725",
"https://www.knifekits.com/vcom/product_info.php?products_id=16097",
"https://www.knifekits.com/vcom/product_info.php?products_id=15954",
"https://www.knifekits.com/vcom/product_info.php?products_id=15903",
"https://www.knifekits.com/vcom/product_info.php?products_id=15887",
"https://www.knifekits.com/vcom/product_info.php?products_id=16399",
"https://www.knifekits.com/vcom/product_info.php?products_id=16404",
"https://www.knifekits.com/vcom/product_info.php?products_id=15942",
"https://www.knifekits.com/vcom/product_info.php?products_id=16400",
"https://www.knifekits.com/vcom/product_info.php?products_id=16392",
"https://www.knifekits.com/vcom/product_info.php?products_id=16390",
"https://www.knifekits.com/vcom/product_info.php?products_id=16403",
"https://www.knifekits.com/vcom/product_info.php?products_id=16395",
"https://www.knifekits.com/vcom/product_info.php?products_id=15907",
"https://www.knifekits.com/vcom/product_info.php?products_id=16450",
"https://www.knifekits.com/vcom/product_info.php?products_id=16434",
"https://www.knifekits.com/vcom/product_info.php?products_id=16396",
"https://www.knifekits.com/vcom/product_info.php?products_id=16397",
"https://www.knifekits.com/vcom/product_info.php?products_id=16402",
"https://www.knifekits.com/vcom/product_info.php?products_id=16401",
"https://www.knifekits.com/vcom/product_info.php?products_id=16394",
"https://www.knifekits.com/vcom/product_info.php?products_id=16398",
"https://www.knifekits.com/vcom/product_info.php?products_id=16448",
"https://www.knifekits.com/vcom/product_info.php?products_id=16592",
"https://www.knifekits.com/vcom/product_info.php?products_id=16432",
"https://www.knifekits.com/vcom/product_info.php?products_id=16443",
"https://www.knifekits.com/vcom/product_info.php?products_id=16427",
"https://www.knifekits.com/vcom/product_info.php?products_id=16449",
"https://www.knifekits.com/vcom/product_info.php?products_id=16433",
"https://www.knifekits.com/vcom/product_info.php?products_id=16440",
"https://www.knifekits.com/vcom/product_info.php?products_id=16424",
"https://www.knifekits.com/vcom/product_info.php?products_id=16447",
"https://www.knifekits.com/vcom/product_info.php?products_id=16431",
"https://www.knifekits.com/vcom/product_info.php?products_id=16446",
"https://www.knifekits.com/vcom/product_info.php?products_id=16430",
"https://www.knifekits.com/vcom/product_info.php?products_id=16445",
"https://www.knifekits.com/vcom/product_info.php?products_id=16429",
"https://www.knifekits.com/vcom/product_info.php?products_id=16444",
"https://www.knifekits.com/vcom/product_info.php?products_id=16428",
"https://www.knifekits.com/vcom/product_info.php?products_id=16593",
"https://www.knifekits.com/vcom/product_info.php?products_id=16381",
"https://www.knifekits.com/vcom/product_info.php?products_id=16378",
"https://www.knifekits.com/vcom/product_info.php?products_id=16452",
"https://www.knifekits.com/vcom/product_info.php?products_id=16436",
"https://www.knifekits.com/vcom/product_info.php?products_id=16102",
"https://www.knifekits.com/vcom/product_info.php?products_id=16101",
"https://www.knifekits.com/vcom/product_info.php?products_id=16442",
"https://www.knifekits.com/vcom/product_info.php?products_id=16426",
"https://www.knifekits.com/vcom/product_info.php?products_id=16438",
"https://www.knifekits.com/vcom/product_info.php?products_id=16422",
"https://www.knifekits.com/vcom/product_info.php?products_id=16451",
"https://www.knifekits.com/vcom/product_info.php?products_id=16435",
"https://www.knifekits.com/vcom/product_info.php?products_id=16261",
"https://www.knifekits.com/vcom/product_info.php?products_id=16256",
"https://www.knifekits.com/vcom/product_info.php?products_id=16254",
"https://www.knifekits.com/vcom/product_info.php?products_id=16091",
"https://www.knifekits.com/vcom/product_info.php?products_id=16252",
"https://www.knifekits.com/vcom/product_info.php?products_id=16253",
"https://www.knifekits.com/vcom/product_info.php?products_id=16251",
"https://www.knifekits.com/vcom/product_info.php?products_id=16385",
"https://www.knifekits.com/vcom/product_info.php?products_id=16384",
"https://www.knifekits.com/vcom/product_info.php?products_id=16259",
"https://www.knifekits.com/vcom/product_info.php?products_id=16257",
"https://www.knifekits.com/vcom/product_info.php?products_id=16255",
"https://www.knifekits.com/vcom/product_info.php?products_id=16258",
"https://www.knifekits.com/vcom/product_info.php?products_id=16247",
"https://www.knifekits.com/vcom/product_info.php?products_id=16260",
"https://www.knifekits.com/vcom/product_info.php?products_id=16249",
"https://www.knifekits.com/vcom/product_info.php?products_id=16374",
"https://www.knifekits.com/vcom/product_info.php?products_id=16379",
"https://www.knifekits.com/vcom/product_info.php?products_id=16383",
"https://www.knifekits.com/vcom/product_info.php?products_id=16386",
"https://www.knifekits.com/vcom/product_info.php?products_id=11931",
"https://www.knifekits.com/vcom/product_info.php?products_id=12359",
"https://www.knifekits.com/vcom/product_info.php?products_id=11741",
"https://www.knifekits.com/vcom/product_info.php?products_id=935",
"https://www.knifekits.com/vcom/product_info.php?products_id=5269",
"https://www.knifekits.com/vcom/product_info.php?products_id=283",
"https://www.knifekits.com/vcom/product_info.php?products_id=5267",
"https://www.knifekits.com/vcom/product_info.php?products_id=3298",
"https://www.knifekits.com/vcom/product_info.php?products_id=15526",
"https://www.knifekits.com/vcom/product_info.php?products_id=3299",
"https://www.knifekits.com/vcom/product_info.php?products_id=5266",
"https://www.knifekits.com/vcom/product_info.php?products_id=934",
"https://www.knifekits.com/vcom/product_info.php?products_id=5265",
"https://www.knifekits.com/vcom/product_info.php?products_id=658",
"https://www.knifekits.com/vcom/product_info.php?products_id=5264",
"https://www.knifekits.com/vcom/product_info.php?products_id=4190",
"https://www.knifekits.com/vcom/product_info.php?products_id=5263",
"https://www.knifekits.com/vcom/product_info.php?products_id=4189",
"https://www.knifekits.com/vcom/product_info.php?products_id=5262",
"https://www.knifekits.com/vcom/product_info.php?products_id=2547",
"https://www.knifekits.com/vcom/product_info.php?products_id=5261",
"https://www.knifekits.com/vcom/product_info.php?products_id=1780",
"https://www.knifekits.com/vcom/product_info.php?products_id=5260",
"https://www.knifekits.com/vcom/product_info.php?products_id=932",
"https://www.knifekits.com/vcom/product_info.php?products_id=5259",
"https://www.knifekits.com/vcom/product_info.php?products_id=657",
"https://www.knifekits.com/vcom/product_info.php?products_id=5258",
"https://www.knifekits.com/vcom/product_info.php?products_id=933",
"https://www.knifekits.com/vcom/product_info.php?products_id=5257",
"https://www.knifekits.com/vcom/product_info.php?products_id=659",
"https://www.knifekits.com/vcom/product_info.php?products_id=5256",
"https://www.knifekits.com/vcom/product_info.php?products_id=2546",
"https://www.knifekits.com/vcom/product_info.php?products_id=5255",
"https://www.knifekits.com/vcom/product_info.php?products_id=2545",
"https://www.knifekits.com/vcom/product_info.php?products_id=5254",
"https://www.knifekits.com/vcom/product_info.php?products_id=15702",
"https://www.knifekits.com/vcom/product_info.php?products_id=1134",
"https://www.knifekits.com/vcom/product_info.php?products_id=1135",
"https://www.knifekits.com/vcom/product_info.php?products_id=16064",
"https://www.knifekits.com/vcom/product_info.php?products_id=16587",
"https://www.knifekits.com/vcom/product_info.php?products_id=7259",
"https://www.knifekits.com/vcom/product_info.php?products_id=7258",
"https://www.knifekits.com/vcom/product_info.php?products_id=7255"]